,train,val,train_loss,val_loss
0,tensor(0.4158),tensor(0.4377),0.18137637239635293,0.14224375436703365
1,tensor(0.4377),tensor(0.5901),0.1368908082148922,0.12769190774609646
