,train,val,train_loss,val_loss
0,tensor(0.4704),tensor(0.5980),0.6236981003735196,0.536664766818285
1,tensor(0.5980),tensor(0.6270),0.5094610987314537,0.50703387906154
