,train,val,train_loss,val_loss
0,tensor(0.4136),tensor(0.4086),0.18383070034767268,0.15165146111200253
1,tensor(0.4086),tensor(0.5752),0.14303663715497772,0.12989661830166976
