,train,val,train_loss,val_loss
0,tensor(0.4552),tensor(0.5093),0.16927491387176277,0.13755132450411717
1,tensor(0.5093),tensor(0.6544),0.1258722016096708,0.13214533583571514
