,train,val,train_loss,val_loss
0,tensor(0.4899),tensor(0.6026),0.5928637362238187,0.48977790797750154
1,tensor(0.6026),tensor(0.6459),0.45779487931016666,0.48355560898780825
