,train,val,train_loss,val_loss
0,tensor(0.4817),tensor(0.5875),0.600908032964118,0.5001623277862867
1,tensor(0.5875),tensor(0.6409),0.46868306736447934,0.4865072478850683
