,train,val,train_loss,val_loss
0,tensor(0.4979),tensor(0.5977),0.585258876595331,0.48121255785226824
1,tensor(0.5977),tensor(0.6528),0.4428407102230176,0.4794695993264516
