,train,val,train_loss,val_loss
0,tensor(0.5026),tensor(0.5953),0.6007044568880281,0.5222515515983105
1,tensor(0.5953),tensor(0.6269),0.4912219360841447,0.5112061674396197
