,train,val,train_loss,val_loss
0,tensor(0.5078),tensor(0.6085),0.5912351150121263,0.5209085000058015
1,tensor(0.6085),tensor(0.6346),0.47336681282045834,0.5037769092867772
