,train,val,train_loss,val_loss
0,tensor(0.4259),tensor(0.4985),0.18096570331065812,0.138945882084469
1,tensor(0.4985),tensor(0.6003),0.13216957487721942,0.12717093552152317
