,train,val,train_loss,val_loss
0,tensor(0.4738),tensor(0.5484),0.16871794737986662,0.13529267938186726
1,tensor(0.5484),tensor(0.6572),0.12349726949165117,0.13205844250818094
