,train,val,train_loss,val_loss
0,tensor(0.4951),tensor(0.5576),0.16926758894279822,0.13455161079764366
1,tensor(0.5576),tensor(0.6556),0.12133717705954368,0.13031699862331153
